{
  "confusion_matrix": [
    [
      17643,
      298,
      105,
      30,
      39
    ],
    [
      70,
      474,
      8,
      4,
      0
    ],
    [
      24,
      3,
      1399,
      19,
      3
    ],
    [
      8,
      1,
      15,
      138,
      0
    ],
    [
      6,
      2,
      4,
      0,
      1595
    ]
  ],
  "confusion_matrix_normalized": [
    [
      0.9739442451007453,
      0.016450455423682033,
      0.005796301407673199,
      0.0016560861164780568,
      0.002152911951421474
    ],
    [
      0.12589928057553956,
      0.8525179856115108,
      0.014388489208633094,
      0.007194244604316547,
      0.0
    ],
    [
      0.016574585635359115,
      0.0020718232044198894,
      0.9661602209944752,
      0.013121546961325966,
      0.0020718232044198894
    ],
    [
      0.04938271604938271,
      0.006172839506172839,
      0.09259259259259259,
      0.8518518518518519,
      0.0
    ],
    [
      0.00373366521468575,
      0.0012445550715619166,
      0.002489110143123833,
      0.0,
      0.9925326695706285
    ]
  ],
  "classification_report": {
    "N": {
      "precision": 0.9939158357275646,
      "recall": 0.9739442451007453,
      "f1-score": 0.9838286957006636,
      "support": 18115.0
    },
    "S": {
      "precision": 0.609254498714653,
      "recall": 0.8525179856115108,
      "f1-score": 0.7106446776611695,
      "support": 556.0
    },
    "V": {
      "precision": 0.9137818419333769,
      "recall": 0.9661602209944752,
      "f1-score": 0.9392413561597852,
      "support": 1448.0
    },
    "F": {
      "precision": 0.7225130890052356,
      "recall": 0.8518518518518519,
      "f1-score": 0.7818696883852692,
      "support": 162.0
    },
    "Q": {
      "precision": 0.9743433109346366,
      "recall": 0.9925326695706285,
      "f1-score": 0.9833538840937115,
      "support": 1607.0
    },
    "accuracy": 0.9708059210526315,
    "macro avg": {
      "precision": 0.8427617152630933,
      "recall": 0.9274013946258425,
      "f1-score": 0.8797876604001198,
      "support": 21888.0
    },
    "weighted avg": {
      "precision": 0.9753976513934811,
      "recall": 0.9708059210526315,
      "f1-score": 0.9724099656603393,
      "support": 21888.0
    }
  },
  "class_names": [
    "N",
    "S",
    "V",
    "F",
    "Q"
  ],
  "total_samples": 21888
}