{
  "confusion_matrix": [
    [
      17864,
      164,
      56,
      22,
      8
    ],
    [
      47,
      501,
      5,
      2,
      1
    ],
    [
      23,
      4,
      1396,
      21,
      4
    ],
    [
      4,
      0,
      10,
      147,
      1
    ],
    [
      7,
      0,
      1,
      0,
      1600
    ]
  ],
  "confusion_matrix_normalized": [
    [
      0.9861985204813956,
      0.009053770564204483,
      0.0030915314121673842,
      0.0012145301976371867,
      0.00044164734459534063
    ],
    [
      0.08453237410071943,
      0.9010791366906474,
      0.008992805755395683,
      0.0035971223021582736,
      0.0017985611510791368
    ],
    [
      0.015883977900552487,
      0.0027624309392265192,
      0.9640883977900553,
      0.014502762430939226,
      0.0027624309392265192
    ],
    [
      0.024691358024691357,
      0.0,
      0.06172839506172839,
      0.9074074074074074,
      0.006172839506172839
    ],
    [
      0.004353233830845771,
      0.0,
      0.0006218905472636816,
      0.0,
      0.9950248756218906
    ]
  ],
  "classification_report": {
    "N": {
      "precision": 0.9954862078573419,
      "recall": 0.9861985204813956,
      "f1-score": 0.9908205995729221,
      "support": 18114.0
    },
    "S": {
      "precision": 0.7488789237668162,
      "recall": 0.9010791366906474,
      "f1-score": 0.8179591836734694,
      "support": 556.0
    },
    "V": {
      "precision": 0.9509536784741145,
      "recall": 0.9640883977900553,
      "f1-score": 0.9574759945130316,
      "support": 1448.0
    },
    "F": {
      "precision": 0.765625,
      "recall": 0.9074074074074074,
      "f1-score": 0.8305084745762712,
      "support": 162.0
    },
    "Q": {
      "precision": 0.9913258983890955,
      "recall": 0.9950248756218906,
      "f1-score": 0.9931719428926132,
      "support": 1608.0
    },
    "accuracy": 0.9826388888888888,
    "macro avg": {
      "precision": 0.8904539416974735,
      "recall": 0.9507596675982792,
      "f1-score": 0.9179872390456616,
      "support": 21888.0
    },
    "weighted avg": {
      "precision": 0.9842689177532176,
      "recall": 0.9826388888888888,
      "f1-score": 0.9832098749951527,
      "support": 21888.0
    }
  },
  "class_names": [
    "N",
    "S",
    "V",
    "F",
    "Q"
  ],
  "total_samples": 21888
}