{
  "confusion_matrix": [
    [
      17391,
      462,
      116,
      111,
      34
    ],
    [
      45,
      498,
      8,
      4,
      1
    ],
    [
      13,
      7,
      1400,
      25,
      3
    ],
    [
      4,
      1,
      8,
      149,
      0
    ],
    [
      7,
      3,
      1,
      0,
      1597
    ]
  ],
  "confusion_matrix_normalized": [
    [
      0.960086121232196,
      0.025505134150380922,
      0.006403886496632439,
      0.006127856906260351,
      0.0018770012145301975
    ],
    [
      0.08093525179856115,
      0.89568345323741,
      0.014388489208633094,
      0.007194244604316547,
      0.0017985611510791368
    ],
    [
      0.008977900552486187,
      0.004834254143646409,
      0.9668508287292817,
      0.017265193370165747,
      0.0020718232044198894
    ],
    [
      0.024691358024691357,
      0.006172839506172839,
      0.04938271604938271,
      0.9197530864197531,
      0.0
    ],
    [
      0.004353233830845771,
      0.0018656716417910447,
      0.0006218905472636816,
      0.0,
      0.9931592039800995
    ]
  ],
  "classification_report": {
    "N": {
      "precision": 0.9960481099656358,
      "recall": 0.960086121232196,
      "f1-score": 0.9777365491651205,
      "support": 18114.0
    },
    "S": {
      "precision": 0.5128733264675592,
      "recall": 0.89568345323741,
      "f1-score": 0.6522593320235757,
      "support": 556.0
    },
    "V": {
      "precision": 0.91324200913242,
      "recall": 0.9668508287292817,
      "f1-score": 0.9392821200939282,
      "support": 1448.0
    },
    "F": {
      "precision": 0.5155709342560554,
      "recall": 0.9197530864197531,
      "f1-score": 0.6607538802660754,
      "support": 162.0
    },
    "Q": {
      "precision": 0.9767584097859328,
      "recall": 0.9931592039800995,
      "f1-score": 0.9848905334566759,
      "support": 1608.0
    },
    "accuracy": 0.9610288742690059,
    "macro avg": {
      "precision": 0.7828985579215206,
      "recall": 0.947106538719748,
      "f1-score": 0.8429844830010751,
      "support": 21888.0
    },
    "weighted avg": {
      "precision": 0.973323166892475,
      "recall": 0.9610288742690059,
      "f1-score": 0.9651042880336052,
      "support": 21888.0
    }
  },
  "class_names": [
    "N",
    "S",
    "V",
    "F",
    "Q"
  ],
  "total_samples": 21888
}